,ID,Relation,Source,Target,HR
0,L09_1,antonyms - gradable,able,,sposoban
1,,,,unable,nesposoban
2,,,,incapable,DUPLICATE_nesposoban
3,,,,incompetent,nekompetentan
4,,,,unequal,nejednak
5,,,,,nemoćan
6,L09_2,antonyms - gradable,abundant,,obilan
7,,,,scarce,oskudan
8,,,,rare,rijedak
9,,,,tight,tijesan
10,,,,meager,DUPLICATE_oskudan
11,,,,meagre,DUPLICATE_oskudan
12,,,,meagerly,oskudno
13,,,,stingy,škrt
14,,,,scrimpy,DUPLICATE_škrt
15,,,,insufficient,nedovoljan
16,,,,deficient,manjkav
17,,,,,"tanan,nedostatan"
18,L09_3,antonyms - gradable,aware,,svjestan
19,,,,unaware,nesvjestan
20,,,,oblivious,DUPLICATE_nesvjestan
21,,,,unmindful,nepažljiv
22,,,,unconscious,DUPLICATE_nesvjestan
23,,,,unsuspecting,bezazlen
24,,,,asleep,zaspao
25,,,,insensible,neosjetljiv
26,,,,unwitting,nesmotren
27,,,,ignorant,neuk
28,,,,indifferent,ravnodušan
29,,,,,"besvjestan,neupućen,nezainteresiran"
30,L09_4,antonyms - gradable,beautiful,,lijep
31,,,,ugly,ružan
32,,,,disfigured,unakažen
33,,,,evil-looking,zlobna_izgleda
34,,,,fugly,DUPLICATE_ružan
35,,,,grotesque,groteskan
36,,,,monstrous,monstruozan
37,,,,hideous,odvratan
38,,,,repulsive,odbojan
39,,,,ill-favored,neugledan
40,,,,ill-favoured,DUPLICATE_neugledan
41,,,,scrofulous,škrofulozan
42,,,,unlovely,neprijatan
43,,,,unpicturesque,DUPLICATE_neugledan
44,,,,unsightly,DUPLICATE_neugledan
45,,,,displeasing,neugodan
46,,,,unattractive,neprivlačan
47,,,,awkward,nezgrapan
48,,,,,"izobličen,gnusan"
49,L09_5,antonyms - gradable,big,,velik
50,,,,small,malen
51,,,,atomic,atomski
52,,,,subatomic,subatomski
53,,,,bantam,majušan
54,,,,diminutive,DUPLICATE_sićušan
55,,,,lilliputian,liliputanski
56,,,,midget,patuljast
57,,,,petite,sitan
58,,,,tiny,sićušan
59,,,,flyspeck,DUPLICATE_sitan
60,,,,bitty,minijaturan
61,,,,bittie,NO_TRANSLATION
62,,,,teensy,DUPLICATE_NO_TRANSLATION
63,,,,teentsy,DUPLICATE_NO_TRANSLATION
64,,,,teeny,DUPLICATE_majušan
65,,,,wee,malecki
66,,,,weeny,DUPLICATE_majušan
67,,,,weensy,DUPLICATE_NO_TRANSLATION
68,,,,teensy-weensy,DUPLICATE_NO_TRANSLATION
69,,,,teeny-weeny,DUPLICATE_NO_TRANSLATION
70,,,,itty-bitty,DUPLICATE_NO_TRANSLATION
71,,,,itsy-bitsy,DUPLICATE_NO_TRANSLATION
72,,,,dinky,DUPLICATE_malen
73,,,,dwarfish,DUPLICATE_patuljast
74,,,,elfin,DUPLICATE_patuljast
75,,,,elflike,DUPLICATE_patuljast
76,,,,gnomish,DUPLICATE_patuljast
77,,,,half-size,DUPLICATE_NO_TRANSLATION
78,,,,infinitesimal,beskrajno_mali
79,,,,minute,DUPLICATE_minijaturan
80,,,,lesser,manji
81,,,,microscopic,mikroskopski
82,,,,microscopical,DUPLICATE_mikroskopski
83,,,,micro,mikro
84,,,,miniature,DUPLICATE_minijaturan
85,,,,minuscule,DUPLICATE_minijaturan
86,,,,miniscule,DUPLICATE_minijaturan
87,,,,olive-sized,veličine_masline
88,,,,pocket-size,stane_u_džep
89,,,,pocket-sized,DUPLICATE_stane_u_džep
90,,,,pocketable,DUPLICATE_stane_u_džep
91,,,,puny,zakržljao
92,,,,runty,DUPLICATE_NO_TRANSLATION
93,,,,shrimpy,DUPLICATE_NO_TRANSLATION
94,,,,slender,tanak
95,,,,slim,mršav
96,,,,smaller,DUPLICATE_manji
97,,,,littler,DUPLICATE_manji
98,,,,smallish,nevelik
99,,,,small-scale,mala_razmjera
100,,,,undersize,ispod_minimalnog
101,,,,undersized,DUPLICATE_ispod_minimalnog
103,L09_6,antonyms - gradable,bright,,jasan_
104,,,,pale,blijed
105,,,,colorless,bezbojan
106,,,,colourless,DUPLICATE_bezbojan
107,,,,dull,prigušen
108,,,,neutral,neutralan
109,,,,white,bijel
110,,,,bleached,izbijeljen
111,,,,faded,izblijedio
112,,,,washed-out,ispran
113,,,,washy,DUPLICATE_ispran
114,,,,drab,jednoličan
115,,,,somber,tmuran
116,,,,sombre,DUPLICATE_tmuran
117,,,,dulled,DUPLICATE_prigušen
118,,,,greyed,posivio
119,,,,etiolate,NO_TRANSLATION
120,,,,etiolated,DUPLICATE_NO_TRANSLATION
121,,,,lurid,smrtno_blijed
122,,,,waxen,voštan
123,,,,waxlike,kao_vosak
124,,,,waxy,DUPLICATE_kao_vosak
125,,,,whitened,pobijeljen
127,L09_7,antonyms - gradable,cheap,,jeftin
128,,,,expensive,skup
129,,,,big-ticket,NO_TRANSLATION
130,,,,high-ticket,DUPLICATE_NO_TRANSLATION
131,,,,costly,DUPLICATE_skup
132,,,,dear,DUPLICATE_skup
133,,,,high-priced,precijenjen
134,,,,pricey,DUPLICATE_skup
135,,,,pricy,DUPLICATE_skup
136,,,,dearly-won,DUPLICATE_NO_TRANSLATION
137,,,,overpriced,DUPLICATE_precijenjen
138,,,,valuable,vrijedan
140,L09_8,antonyms - gradable,clean,,čist
141,,,,dirty,prljav
142,,,,soiled,onečišćen
143,,,,unclean,nečist
144,,,,augean,DUPLICATE_nečist
145,,,,bedraggled,otrcan
146,,,,draggled,DUPLICATE_otrcan
147,,,,befouled,uprljan
148,,,,fouled,zamazan
149,,,,begrimed,zamrljan
150,,,,dingy,pohaban
151,,,,grimy,DUPLICATE_prljav
152,,,,grubby,neuredan
153,,,,grungy,šlampav
154,,,,raunchy,nepriličan
155,,,,black,crn
156,,,,smutty,čađav
157,,,,buggy,NO_TRANSLATION
158,,,,cobwebby,paučinast
159,,,,dirty-faced,umrljan
160,,,,feculent,DUPLICATE_NO_TRANSLATION
161,,,,filthy,DUPLICATE_nečist
162,,,,foul,pogrešan
163,,,,nasty,gadan
164,,,,flyblown,DUPLICATE_NO_TRANSLATION
165,,,,squalid,sirotinjski
166,,,,sordid,odvratan
167,,,,greasy,masan
168,,,,oily,DUPLICATE_masan
169,,,,lousy,ušljiv
170,,,,maculate,ukaljan
171,,,,mucky,blatan
172,,,,muddy,blatnjav
173,,,,ratty,odrpan
174,,,,scummy,bijedan
175,,,,smudgy,DUPLICATE_zamrljan
176,,,,snotty,balav
177,,,,snot-nosed,šmrkav
178,,,,sooty,DUPLICATE_balav
179,,,,travel-soiled,DUPLICATE_NO_TRANSLATION
180,,,,travel-stained,DUPLICATE_NO_TRANSLATION
181,,,,uncleanly,DUPLICATE_nečist
182,,,,unswept,nepometen
183,,,,unwashed,neopran
185,L09_9,antonyms - gradable,clear,,jasan
186,,,,vague,nejasan
187,,,,obscure,DUPLICATE_nejasan
188,,,,unclear,DUPLICATE_nejasan
189,,,,undefined,nedefiniran
190,,,,indefinable,neodrediv
191,,,,undefinable,DUPLICATE_neodrediv
192,,,,,neopisiv
193,L09_10,antonyms - gradable,close,,blizak
194,,,,distant,dalek
195,,,,remote,udaljen
196,,,,removed,uklonjen
197,,,,far,DUPLICATE_dalek
198,,,,faraway,DUPLICATE_dalek
200,L09_11,antonyms - gradable,colorful,,šaren
201,,,,colorless,bezbojan
202,,,,colourless,DUPLICATE_bezbojan
203,,,,dull,tmuran
204,,,,neutral,neutralan
205,,,,pale,blijed
206,,,,white,bijel
207,,,,bleached,izbijeljen
208,,,,faded,izblijedio
209,,,,washed-out,ispran
210,,,,washy,DUPLICATE_ispran
211,,,,drab,jednoličan
212,,,,somber,mračan
213,,,,sombre,DUPLICATE_mračan
214,,,,dulled,DUPLICATE_tmuran
215,,,,greyed,posivio
216,,,,etiolate,NO_TRANSLATION
217,,,,etiolated,DUPLICATE_NO_TRANSLATION
218,,,,lurid,smrtno_blijed
219,,,,waxen,voštan
220,,,,waxlike,kao_vosak
221,,,,waxy,DUPLICATE_kao_vosak
222,,,,whitened,pobijeljen
224,L09_12,antonyms - gradable,common,,običan
225,,,,rare,rijedak
226,,,,infrequent,DUPLICATE_rijedak
227,,,,scarce,DUPLICATE_rijedak
228,,,,uncommon,neobičan
229,,,,extraordinary,izvanredan
231,L09_13,antonyms - gradable,competent,,sposoban
232,,,,incompetent,nesposoban
233,,,,unskilled,nevješt
234,,,,unqualified,nekvalificiran
235,,,,inefficient,nedovoljan
236,,,,,"neobrazovan,nestručan"
237,L09_14,antonyms - gradable,concerned,,zabrinut
238,,,,unconcerned,ravnodušan
239,,,,blase,blaziran
240,,,,blithe,DUPLICATE_ravnodušan
241,,,,casual,ležeran
242,,,,insouciant,bezbrižan
243,,,,nonchalant,nonšalantan
244,,,,degage,rezerviran
245,,,,detached,udaljen
246,,,,uninvolved,DUPLICATE_nezainteresiran
247,,,,indifferent,nezainteresiran
248,,,,careless,DUPLICATE_bezbrižan
249,,,,untroubled,bez_brige
250,,,,,flegmatičan
251,L09_15,antonyms - gradable,cooked,,skuhan
252,,,,raw,sirov
253,,,,half-baked,polukuhan
254,,,,fresh,svjež
255,,,,natural,prirodan
256,,,,underdone,NO_TRANSLATION
257,,,,rare,slabo_pečen
258,,,,uncooked,nekuhan
259,,,,untoasted,nepečen
261,L09_16,antonyms - gradable,dangerous,,opasan
262,,,,safe,siguran
263,,,,fail-safe,NO_TRANSLATION
264,,,,risk-free,bez_rizika
265,,,,riskless,DUPLICATE_bez_rizika
266,,,,unhazardous,nerizičan
267,,,,safe-and-sound,potpuno_siguran
268,,,,unhurt,neokrznjen
269,,,,harmless,bezopasan
270,,,,invulnerable,neranjiv
271,,,,secure,zajamčen
272,,,,uninjured,neoštećen
273,,,,,nepovrediv
274,L09_17,antonyms - gradable,decisive,,odlučan
275,,,,hesitating,koji_oklijeva
276,,,,indecisive,neodlučan
277,,,,hesitant,DUPLICATE_neodlučan
278,,,,inconclusive,neuvjerljiv
279,,,,irresolute,DUPLICATE_neodlučan
281,L09_18,antonyms - gradable,dry,,suh
282,,,,wet,mokar
283,,,,bedewed,DUPLICATE_rosan
284,,,,dewy,rosan
285,,,,besprent,poprskan
286,,,,boggy,močvaran
287,,,,marshy,DUPLICATE_močvaran
288,,,,miry,muljevit
289,,,,mucky,DUPLICATE_blatan
290,,,,muddy,blatan
291,,,,quaggy,DUPLICATE_močvaran
292,,,,sloppy,kaljav
293,,,,sloughy,NO_TRANSLATION
294,,,,soggy,gnjecav
295,,,,squashy,DUPLICATE_NO_TRANSLATION
296,,,,swampy,DUPLICATE_močvaran
297,,,,waterlogged,natopljen
298,,,,clammy,smolast
299,,,,dank,DUPLICATE_vlažan
300,,,,damp,vlažan
301,,,,dampish,malo_vlažan
302,,,,moist,DUPLICATE_vlažan
303,,,,sodden,nakvašen
304,,,,soppy,DUPLICATE_mokar
305,,,,drippy,koji_kaplje
306,,,,drizzly,kišovit
307,,,,humid,DUPLICATE_vlažan
308,,,,misty,oblačan
309,,,,muggy,DUPLICATE_vlažan
310,,,,steamy,parni
311,,,,sticky,ljepljiv
312,,,,reeking,zaudarajući
313,,,,watery,vodnjikav
314,,,,rheumy,DUPLICATE_NO_TRANSLATION
315,,,,showery,DUPLICATE_NO_TRANSLATION
316,,,,rainy,DUPLICATE_kišovit
317,,,,steaming,kipući
318,,,,tacky,DUPLICATE_ljepljiv
319,,,,undried,neosušen
320,,,,washed,opran
321,,,,,navlažen
322,L09_19,antonyms - gradable,energetic,,energetičan
323,,,,lethargic,letargičan
324,,,,unergetic,neenergičan
325,,,,dazed,omamljen
326,,,,foggy,smušen
327,,,,groggy,ošamućen
328,,,,logy,DUPLICATE_smušen
329,,,,stuporous,otupljen
330,,,,dreamy,sanjiv
331,,,,lackadaisical,mlitav
332,,,,languid,trom
333,,,,languorous,DUPLICATE_mlitav
334,,,,listless,bezvoljan
335,,,,inactive,neaktivan
337,L09_20,antonyms - gradable,familiar,,poznat
338,,,,unfamiliar,nepoznat
339,,,,strange,čudan
340,,,,unknown,neznan
341,,,,unacquainted,neupućen
342,,,,foreign,stran
344,L09_21,antonyms - gradable,fat,,debeo
345,,,,thin,tanak
346,,,,lean,mršav
347,,,,anorexic,anoreksičan
348,,,,anorectic,DUPLICATE_anoreksičan
349,,,,bony,košćat
350,,,,cadaverous,suhonjav
351,,,,emaciated,iznuren
352,,,,gaunt,ispijen
353,,,,haggard,oronuo
354,,,,pinched,stisnut
355,,,,skeletal,DUPLICATE_suhonjav
356,,,,wasted,istrošen
357,,,,deep-eyed,DUPLICATE_upalih_očiju
358,,,,hollow-eyed,DUPLICATE_upalih_očiju
359,,,,sunken-eyed,upalih_očiju
360,,,,gangling,NO_TRANSLATION
361,,,,gangly,DUPLICATE_tanak
362,,,,lanky,DUPLICATE_tanak
363,,,,lank,DUPLICATE_tanak
364,,,,spindly,štrkljast
365,,,,rawboned,DUPLICATE_košćat
366,,,,reedy,DUPLICATE_NO_TRANSLATION
367,,,,reedlike,DUPLICATE_NO_TRANSLATION
368,,,,twiggy,DUPLICATE_NO_TRANSLATION
369,,,,twiglike,DUPLICATE_NO_TRANSLATION
370,,,,scarecrowish,DUPLICATE_NO_TRANSLATION
371,,,,scraggy,DUPLICATE_NO_TRANSLATION
372,,,,boney,DUPLICATE_košćat
373,,,,scrawny,DUPLICATE_mršav
374,,,,skinny,DUPLICATE_mršav
375,,,,underweight,pothranjen
376,,,,weedy,DUPLICATE_NO_TRANSLATION
377,,,,shriveled,osušen
378,,,,shrivelled,DUPLICATE_osušen
379,,,,shrunken,smanjen
380,,,,withered,ishlapio
381,,,,wizen,isušen
382,,,,wizened,smežuran
383,,,,slender,vitak
384,,,,slight,slab
385,,,,slim,DUPLICATE_mršav
386,,,,svelte,graciozan
387,,,,slender-waisted,vitka_struka
388,,,,slim-waisted,DUPLICATE_vitka_struka
389,,,,wasp-waisted,DUPLICATE_NO_TRANSLATION
390,,,,spare,DUPLICATE_NO_TRANSLATION
391,,,,trim,DUPLICATE_NO_TRANSLATION
392,,,,spindle-legged,DUPLICATE_NO_TRANSLATION
393,,,,spindle-shanked,DUPLICATE_NO_TRANSLATION
394,,,,stringy,DUPLICATE_NO_TRANSLATION
395,,,,wiry,vižljast
396,,,,wisplike,DUPLICATE_NO_TRANSLATION
397,,,,wispy,DUPLICATE_NO_TRANSLATION
399,L09_22,antonyms - gradable,full,,pun
400,,,,empty,prazan
401,,,,bare,gol
402,,,,stripped,ogoljen
403,,,,blank,DUPLICATE_prazan
404,,,,clean,čist
405,,,,white,bijel
406,,,,empty-handed,praznih_ruku
407,,,,glassy,staklen
408,,,,glazed,staklast
409,,,,lifeless,beživotan
410,,,,looted,pokraden
411,,,,pillaged,opljačkan
412,,,,plundered,DUPLICATE_pokraden
413,,,,ransacked,DUPLICATE_opljačkan
414,,,,vacant,ispražnjen
415,,,,vacuous,DUPLICATE_prazan
416,,,,void,ništavan
418,L09_23,antonyms - gradable,gaseous,,plinovit
419,,,,solid,krut
420,,,,hard,tvrd
421,,,,coagulated,koaguliran
422,,,,solidified,stvrdnut
423,,,,concrete,konkretan
424,,,,congealed,zgusnut
425,,,,jelled,DUPLICATE_zgusnut
426,,,,jellied,DUPLICATE_zgusnut
427,,,,dry,suh
428,,,,semisolid,polučvrst
429,,,,solid-state,čvrstog_stanja
430,,,,,čvrst
431,L09_24,antonyms - gradable,generous,,velikodušan
432,,,,stingy,škrt
433,,,,beggarly,jadan
434,,,,mean,DUPLICATE_škrt
435,,,,cheap,DUPLICATE_škrt
436,,,,chinchy,NO_TRANSLATION
437,,,,chintzy,DUPLICATE_NO_TRANSLATION
438,,,,cheeseparing,DUPLICATE_NO_TRANSLATION
439,,,,close,DUPLICATE_NO_TRANSLATION
440,,,,near,DUPLICATE_NO_TRANSLATION
441,,,,penny-pinching,DUPLICATE_NO_TRANSLATION
442,,,,skinny,DUPLICATE_škrt
443,,,,closefisted,DUPLICATE_NO_TRANSLATION
444,,,,hardfisted,DUPLICATE_NO_TRANSLATION
445,,,,tightfisted,DUPLICATE_NO_TRANSLATION
446,,,,grudging,DUPLICATE_NO_TRANSLATION
447,,,,niggardly,DUPLICATE_NO_TRANSLATION
448,,,,scrimy,DUPLICATE_škrt
449,,,,mingy,DUPLICATE_škrt
450,,,,miserly,DUPLICATE_škrt
451,,,,tight,uskogrudan
452,,,,parsimonious,štedljiv
453,,,,penurious,tvrd
454,,,,selfish,sebičan
455,,,,uncharitable,bezobziran
456,,,,ungenerous,nevelikodušan
457,,,,meanspirited,zloban
459,L09_25,antonyms - gradable,happy,,sretan
460,,,,sad,tužan
461,,,,bittersweet,gorkosladak
462,,,,doleful,nujan
463,,,,mournful,žalostan
464,,,,heavyhearted,teška_srca
465,,,,melancholy,melankoličan
466,,,,melancholic,DUPLICATE_melankoličan
467,,,,pensive,zamišljen
468,,,,wistful,sjetan
469,,,,tragic,tragičan
470,,,,tragical,DUPLICATE_tragičan
471,,,,tragicomic,tragikomičan
472,,,,tragicomical,DUPLICATE_tragikomičan
473,,,,deplorable,jadan
474,,,,distressing,DUPLICATE_tužan
475,,,,lamentable,DUPLICATE_tužan
476,,,,pitiful,DUPLICATE_žalostan
477,,,,sorry,DUPLICATE_žalostan
479,L09_26,antonyms - gradable,hard,,tvrd
480,,,,soft,mekan
481,,,,mellow,mek
482,,,,brushed,baršunast
483,,,,fleecy,DUPLICATE_mekan
484,,,,napped,NO_TRANSLATION
485,,,,cheeselike,DUPLICATE_NO_TRANSLATION
486,,,,compressible,kompresiran
487,,,,squeezable,zgnječiv
488,,,,cottony,pamučast
489,,,,cushioned,jastučast
490,,,,cushiony,DUPLICATE_jastučast
491,,,,padded,podstavljen
492,,,,demulcent,koji_ublažava
493,,,,emollient,umekšavajući
494,,,,salving,DUPLICATE_NO_TRANSLATION
495,,,,softening,omekšavajući
496,,,,downy,paperjast
497,,,,downlike,DUPLICATE_paperjast
498,,,,flossy,svilen
499,,,,fluffy,pahuljast
500,,,,flaccid,DUPLICATE_NO_TRANSLATION
501,,,,flocculent,DUPLICATE_NO_TRANSLATION
502,,,,woolly,vunast
503,,,,wooly,DUPLICATE_vunast
504,,,,yielding,podatan
505,,,,mushy,kašast
506,,,,overstuffed,DUPLICATE_NO_TRANSLATION
507,,,,softish,DUPLICATE_NO_TRANSLATION
508,,,,semisoft,polumekan
509,,,,spongy,spužvast
510,,,,squashy,DUPLICATE_mekan
511,,,,squishy,gnjecav
512,,,,spongelike,DUPLICATE_spužvast
513,,,,velvet,DUPLICATE_baršunast
514,,,,velvety,DUPLICATE_baršunast
516,L09_27,antonyms - gradable,hot,,vruć
517,,,,cold,hladan
518,,,,chilly,studen
519,,,,frosty,smrznut
520,,,,cool,prohladan
521,,,,frigid,leden
523,L09_28,antonyms - gradable,interesting,,zanimljiv
524,,,,uninteresting,nezanimljiv
525,,,,dull,dosadan
526,,,,boring,DUPLICATE_dosadan
527,,,,deadening,umrtvljujući
528,,,,ho-hum,DUPLICATE_dosadan
529,,,,irksome,zamoran
530,,,,slow,spor
531,,,,tedious,naporan
532,,,,tiresome,DUPLICATE_naporan
533,,,,wearisome,DUPLICATE_zamoran
534,,,,insipid,DUPLICATE_nezanimljiv
535,,,,jejune,DUPLICATE_dosadan
536,,,,narcotic,omamljujući
537,,,,soporiferous,DUPLICATE_uspavljujući
538,,,,soporific,uspavljujući
539,,,,prosaic,prozaičan
540,,,,prosy,DUPLICATE_prozaičan
541,,,,earthbound,prizeman
542,,,,ponderous,DUPLICATE_dosadan
543,,,,putdownable,NO_TRANSLATION
544,,,,unexciting,neuzbudljiv
545,,,,unstimulating,nestimulativan
547,L09_29,antonyms - gradable,introvert,,introvertiran
548,,,,extravert,ekstrovertiran
549,,,,extrovert,DUPLICATE_ekstrovertiran
550,,,,outgoing,otvoren
551,,,,extroverted,DUPLICATE_ekstrovertiran
552,,,,forthcoming,izravan
553,,,,sociable,društven
555,L09_30,antonyms - gradable,large,,velik
556,,,,small,malen
557,,,,little,DUPLICATE_malen
558,,,,atomic,atomski
559,,,,subatomic,subatomski
560,,,,bantam,majušan
561,,,,diminutive,DUPLICATE_sićušan
562,,,,lilliputian,liliputanski
563,,,,midget,patuljast
564,,,,petite,sitan
565,,,,tiny,sićušan
566,,,,flyspeck,DUPLICATE_sitan
567,,,,bitty,minijaturan
568,,,,bittie,NO_TRANSLATION
569,,,,teensy,DUPLICATE_NO_TRANSLATION
570,,,,teentsy,DUPLICATE_NO_TRANSLATION
571,,,,teeny,DUPLICATE_majušan
572,,,,wee,malecki
573,,,,weeny,DUPLICATE_majušan
574,,,,weensy,DUPLICATE_NO_TRANSLATION
575,,,,teensy-weensy,DUPLICATE_NO_TRANSLATION
576,,,,teeny-weeny,DUPLICATE_NO_TRANSLATION
577,,,,itty-bitty,DUPLICATE_NO_TRANSLATION
578,,,,itsy-bitsy,DUPLICATE_NO_TRANSLATION
579,,,,dinky,DUPLICATE_malen
580,,,,dwarfish,DUPLICATE_patuljast
581,,,,elfin,DUPLICATE_patuljast
582,,,,elflike,DUPLICATE_patuljast
583,,,,gnomish,DUPLICATE_patuljast
584,,,,half-size,DUPLICATE_NO_TRANSLATION
585,,,,infinitesimal,beskrajno_mali
586,,,,minute,DUPLICATE_minijaturan
587,,,,lesser,manji
588,,,,microscopic,mikroskopski
589,,,,microscopical,DUPLICATE_mikroskopski
590,,,,micro,mikro
591,,,,miniature,DUPLICATE_minijaturan
592,,,,minuscule,DUPLICATE_minijaturan
593,,,,miniscule,DUPLICATE_minijaturan
594,,,,olive-sized,veličine_masline
595,,,,pocket-size,stane_u_džep
596,,,,pocket-sized,DUPLICATE_stane_u_džep
597,,,,pocketable,DUPLICATE_stane_u_džep
598,,,,puny,zakržljao
599,,,,runty,DUPLICATE_NO_TRANSLATION
600,,,,shrimpy,DUPLICATE_NO_TRANSLATION
601,,,,slender,tanak
602,,,,slim,mršav
603,,,,smaller,DUPLICATE_manji
604,,,,littler,DUPLICATE_manji
605,,,,smallish,nevelik
606,,,,small-scale,mala_razmjera
607,,,,undersize,ispod_minimalnog
608,,,,undersized,DUPLICATE_ispod_minimalnog
610,L09_31,antonyms - gradable,long,,dug
611,,,,short,kratak
612,,,,abbreviated,skraćen
613,,,,shortened,DUPLICATE_skraćen
614,,,,truncated,okrnjen
615,,,,brief,DUPLICATE_kratak
616,,,,clipped,odrezan
617,,,,fleeting,kratkotrajan
618,,,,fugitive,časovit
619,,,,momentaneous,trenutan
620,,,,momentary,trenutačan
621,,,,short_and_sweet,kratko_i_slatko
622,,,,short-dated,kratka_vijeka
623,,,,short-range,kratkog_dometa
624,,,,short-run,NO_TRANSLATION
625,,,,short-term,DUPLICATE_NO_TRANSLATION
626,,,,close,blizak
627,,,,curtal,DUPLICATE_NO_TRANSLATION
628,,,,sawed-off,otpiljen
629,,,,sawn-off,DUPLICATE_otpiljen
630,,,,shortish,okraćao
631,,,,short-snouted,DUPLICATE_NO_TRANSLATION
632,,,,snub,DUPLICATE_NO_TRANSLATION
633,,,,stubby,kusast
634,,,,telescoped,DUPLICATE_NO_TRANSLATION
635,,,,truncate,DUPLICATE_okrnjen
636,,,,chunky,zdepast
637,,,,dumpy,DUPLICATE_zdepast
638,,,,low-set,DUPLICATE_NO_TRANSLATION
639,,,,squat,DUPLICATE_zdepast
640,,,,squatty,DUPLICATE_zdepast
641,,,,stumpy,DUPLICATE_zdepast
642,,,,compact,kompaktan
643,,,,heavyset,DUPLICATE_NO_TRANSLATION
644,,,,stocky,DUPLICATE_zdepast
645,,,,thick,debeo
646,,,,thickset,krupan
647,,,,half-length,DUPLICATE_NO_TRANSLATION
648,,,,pint-size,DUPLICATE_NO_TRANSLATION
649,,,,pint-sized,DUPLICATE_NO_TRANSLATION
650,,,,runty,DUPLICATE_NO_TRANSLATION
651,,,,short-stalked,DUPLICATE_NO_TRANSLATION
652,,,,squab,DUPLICATE_zdepast
653,,,,squabby,DUPLICATE_zdepast
655,L09_32,antonyms - gradable,lumpy,,namreškan
656,,,,flat,ravan
657,,,,level,izravnan
658,,,,plane,plosnat
659,,,,even,ravnomjeran
661,L09_33,antonyms - gradable,noisy,,bučan
662,,,,silent,tih
663,,,,uncommunicative,nekomunikativan
664,,,,dumb,nijem
665,,,,mute,bezvučan
666,,,,inarticulate,nerazgovjetan
667,,,,unarticulate,DUPLICATE_nerazgovjetan
668,,,,,"neartikuliran,nejasan"
669,L09_34,antonyms - gradable,normal,,normalan
670,,,,abnormal,nenormalan
671,,,,aberrant,neprirodan
672,,,,deviant,devijantan
673,,,,deviate,DUPLICATE_devijantan
674,,,,anomalous,anomalan
675,,,,antidromic,NO_TRANSLATION
676,,,,atypical,atipičan
677,,,,irregular,nepravilan
678,,,,brachydactylic,DUPLICATE_NO_TRANSLATION
679,,,,brachydactylous,DUPLICATE_NO_TRANSLATION
680,,,,defective,neispravan
681,,,,freakish,bizaran
682,,,,kinky,perverzan
683,,,,perverted,DUPLICATE_perverzan
684,,,,subnormal,subnormalan
685,,,,supernormal,iznadnormalan
686,,,,vicarious,zamjenski
687,,,,unusual,neobičan
688,,,,exceptional,izuzetan
689,,,,insane,sulud
690,,,,unnatural,DUPLICATE_neprirodan
691,,,,,izniman
692,L09_35,antonyms - gradable,organized,,organiziran
693,,,,unorganized,neorganiziran
694,,,,unstructured,nestrukturiran
695,,,,uncoordinated,nekordiniran
696,,,,unformed,neoblikovan
697,,,,unincorporated,neinkorporiran
699,L09_36,antonyms - gradable,pale,,blijed
700,,,,tanned,preplanuo
701,,,,bronzed,brončan
702,,,,suntanned,osunčan
703,,,,brunet,DUPLICATE_brineta
704,,,,brunette,brineta
706,L09_37,antonyms - gradable,rich,,bogat
707,,,,poor,siromašan
708,,,,broke,švorc
709,,,,bust,skršen
710,,,,skint,prebijen
711,,,,stone-broke,skroz_bez_svega
712,,,,stony-broke,DUPLICATE_skroz_bez_svega
713,,,,destitute,oskudan
714,,,,impoverished,osiromašen
715,,,,indigent,DUPLICATE_siromašan
716,,,,necessitous,DUPLICATE_oskudan
717,,,,needy,potrebit
718,,,,poverty-stricken,NO_TRANSLATION
719,,,,hard_up,u_tjesnacu
720,,,,impecunious,bez_novaca
721,,,,penniless,bez_novčića
722,,,,penurious,DUPLICATE_oskudan
723,,,,pinched,DUPLICATE_NO_TRANSLATION
724,,,,moneyless,DUPLICATE_bez_novaca
725,,,,unprovided,neosiguran
727,L09_38,antonyms - gradable,sane,,razuman
728,,,,crazy,lud
729,,,,loony,DUPLICATE_lud
730,,,,looney,DUPLICATE_luckast
731,,,,nutcase,luđak
732,,,,weirdo,čudak
733,,,,mad,DUPLICATE_lud
734,,,,insane,DUPLICATE_lud
735,,,,,umobolan
736,L09_39,antonyms - gradable,short,,nizak
737,,,,tall,visok
738,,,,gangling,NO_TRANSLATION
739,,,,gangly,tanak
740,,,,lanky,DUPLICATE_tanak
741,,,,rangy,vitak
742,,,,height,DUPLICATE_NO_TRANSLATION
743,,,,leggy,dugonog
744,,,,long-legged,DUPLICATE_dugonog
745,,,,long-shanked,DUPLICATE_NO_TRANSLATION
746,,,,tall-growing,visokog_rasta
747,,,,long,dug
748,,,,long-stalked,DUPLICATE_NO_TRANSLATION
749,,,,tall-stalked,DUPLICATE_NO_TRANSLATION
750,,,,stately,impozantan
751,,,,statuesque,monumentalan
752,,,,tallish,DUPLICATE_visok
754,L09_40,antonyms - gradable,simple,,jednostavan
755,,,,difficult,težak
756,,,,challenging,izazovan
757,,,,hard,DUPLICATE_težak
758,,,,complicated,kompliciran
759,,,,demanding,zahtjevan
760,,,,daunting,zastrašujući
761,,,,taxing,zamoran
763,L09_41,antonyms - gradable,sincere,,iskren
764,,,,insincere,neiskren
765,,,,bootlicking,koji_se_ulizuje
766,,,,fawning,ulizivanje
767,,,,obsequious,ulagivački
768,,,,sycophantic,ulizivački
769,,,,toadyish,DUPLICATE_ulizivački
770,,,,buttery,NO_TRANSLATION
771,,,,fulsome,DUPLICATE_neiskren
772,,,,oily,licemjeran
773,,,,oleaginous,DUPLICATE_NO_TRANSLATION
774,,,,smarmy,slatkorječiv
775,,,,soapy,laskav
776,,,,unctuous,sladunjav
777,,,,dissimulative,prijetvoran
778,,,,False,pogrešan
779,,,,feigned,lažan
780,,,,gilded,pozlaćen
781,,,,meretricious,varljiv
782,,,,specious,prividan
783,,,,hypocritical,DUPLICATE_licemjeran
784,,,,plausible,uvjerljiv
785,,,,counterfeit,falsificiran
786,,,,imitative,imitatorski
787,,,,dishonest,nepošten
788,,,,dishonorable,nečasan
789,,,,disingenuous,DUPLICATE_neiskren
790,,,,artful,prepreden
791,,,,unreal,nestvaran
792,,,,,hipokritičan
793,L09_42,antonyms - gradable,slow,,spor
794,,,,fast,brz
795,,,,quick,DUPLICATE_brz
796,,,,accelerated,ubrzan
797,,,,alacritous,žustar
798,,,,blistering,NO_TRANSLATION
799,,,,hot,vruć
800,,,,red-hot,užaren
801,,,,double-quick,DUPLICATE_NO_TRANSLATION
802,,,,express,ekspresan
803,,,,fast-breaking,DUPLICATE_NO_TRANSLATION
804,,,,fast-paced,DUPLICATE_NO_TRANSLATION
805,,,,fleet,DUPLICATE_brz
806,,,,swift,hitar
807,,,,high-speed,velike_brzine
808,,,,high-velocity,DUPLICATE_velike_brzine
809,,,,hurrying,žuran
810,,,,scurrying,jureći
811,,,,immediate,trenutačan
812,,,,prompt,ažuran
813,,,,straightaway,smjesta
814,,,,instantaneous,DUPLICATE_trenutačan
815,,,,instant,instantni
816,,,,meteoric,meteorski
817,,,,speedy,hitan
818,,,,rapid,DUPLICATE_brz
819,,,,winged,DUPLICATE_NO_TRANSLATION
820,,,,windy,DUPLICATE_NO_TRANSLATION
821,,,,,"okretan,spreman,trenutan"
822,L09_43,antonyms - gradable,sweet,,sladak
823,,,,sour,kiseo
824,,,,acerb,opor
825,,,,acerbic,DUPLICATE_opor
826,,,,astringent,trpak
827,,,,acetose,DUPLICATE_kiseo
828,,,,acetous,DUPLICATE_kiseo
829,,,,vinegary,octen
830,,,,vinegarish,DUPLICATE_octen
831,,,,acidic,kiselinski
832,,,,acid,DUPLICATE_kiselinski
833,,,,acidulent,DUPLICATE_kiseo
834,,,,acidulous,kiselkast
835,,,,lemony,limunast
836,,,,lemonlike,DUPLICATE_limunast
837,,,,sourish,DUPLICATE_kiselkast
838,,,,tangy,pikantan
839,,,,tart,DUPLICATE_opor
840,,,,subacid,nakiseo
841,,,,bitter,gorak
843,L09_44,antonyms - gradable,tasty,,ukusan
844,,,,tasteless,bezokusan
845,,,,bland,bez_okusa
846,,,,flat,DUPLICATE_bez_okusa
847,,,,flavorless,DUPLICATE_bez_okusa
848,,,,flavourless,DUPLICATE_bez_okusa
849,,,,insipid,neukusan
850,,,,savorless,DUPLICATE_bezokusan
851,,,,savourless,DUPLICATE_bezokusan
852,,,,vapid,neslan
853,,,,unflavored,DUPLICATE_bezokusan
854,,,,unflavoured,DUPLICATE_bezokusan
855,,,,nonflavored,DUPLICATE_bezokusan
856,,,,nonflavoured,DUPLICATE_bezokusan
857,,,,unsalted,DUPLICATE_neslan
858,,,,unseasoned,nezačinjen
859,,,,unappetizing,neprivlačan
860,,,,unappetising,DUPLICATE_neprivlačan
861,,,,unpalatable,DUPLICATE_neukusan
863,L09_45,antonyms - gradable,tight,,tijesan
864,,,,loose,labav
865,,,,lax,DUPLICATE_labav
866,,,,baggy,vrećast
867,,,,loose-fitting,komotan
868,,,,sloppy,nemaran
869,,,,flyaway,NO_TRANSLATION
870,,,,free,slobodan
871,,,,liberal,liberalan
872,,,,informal,neformalan
873,,,,unofficial,neslužben
875,L09_46,antonyms - gradable,warm,,topao
876,,,,cool,prohladan
877,,,,cold,hladan
878,,,,chilly,studen
879,,,,frosty,smrznut
880,,,,frigid,leden
881,,,,,mrzovit
882,L09_47,antonyms - gradable,white,,bijel
883,,,,black,crn
884,,,,dark,taman
885,,,,lightless,bezbojan
887,L09_48,antonyms - gradable,wide,,širok
888,,,,narrow,uzak
889,,,,constricting,ograničavajući
890,,,,constrictive,koji_ograničava
891,,,,narrowing,koji_sužuje
892,,,,narrowed,sužen
893,,,,narrow-mouthed,NO_TRANSLATION
894,,,,slender,vitak
895,,,,thin,tanak
896,,,,strait,DUPLICATE_uzak
897,,,,straplike,DUPLICATE_NO_TRANSLATION
898,,,,tapered,koji_se_sužava
899,,,,tapering,DUPLICATE_koji_se_sužava
900,,,,limited,ograničen
902,L09_49,antonyms - gradable,willing,,voljan
903,,,,unwilling,nesklon
904,,,,defiantnoncompliant,NO_TRANSLATION
905,,,,involuntary,nenamjeran
906,,,,nonvoluntary,DUPLICATE_nenamjeran
907,,,,unvoluntary,nehotičan
908,,,,disinclined,DUPLICATE_nesklon
909,,,,averse,protivan
910,,,,backward,koji_ide_unatrag
911,,,,hesitant,koji_oklijeva
912,,,,indisposed,indisponiran
913,,,,loath,DUPLICATE_protivan
914,,,,reluctant,DUPLICATE_koji_oklijeva
915,,,,uneager,nespreman
916,,,,unwishful,bez_želje
918,L09_50,antonyms - gradable,young,,mlad
919,,,,old,star
920,,,,aged,zreo
921,,,,elderly,stariji
922,,,,older,DUPLICATE_stariji
923,,,,senior,senior
924,,,,age,NO_TRANSLATION
925,,,,aging,DUPLICATE_stariji
926,,,,ageing,DUPLICATE_stariji
927,,,,senescent,DUPLICATE_star
928,,,,ancient,prastar
929,,,,anile,starački
930,,,,centenarian,stogodišnjak
931,,,,darkened,DUPLICATE_NO_TRANSLATION
932,,,,doddering,drhtav
933,,,,doddery,DUPLICATE_NO_TRANSLATION
934,,,,gaga,DUPLICATE_NO_TRANSLATION
935,,,,senile,senilan
936,,,,emeritus,emeritus
937,,,,grey,siv
938,,,,gray,DUPLICATE_siv
939,,,,grey-haired,sjedokos
940,,,,gray-haired,DUPLICATE_sjedokos
941,,,,grey-headed,DUPLICATE_sjedokos
942,,,,gray-headed,DUPLICATE_sjedokos
943,,,,grizzly,sijed
944,,,,hoar,DUPLICATE_NO_TRANSLATION
945,,,,hoary,DUPLICATE_NO_TRANSLATION
946,,,,white-haired,DUPLICATE_NO_TRANSLATION
947,,,,middle-aged,srednjovječan
948,,,,nonagenarian,DUPLICATE_NO_TRANSLATION
949,,,,octogenarian,osamdesetogodišnjak
950,,,,oldish,postariji
951,,,,overage,prestar
952,,,,overaged,DUPLICATE_prestar
953,,,,superannuated,zastario
954,,,,over-the-hill,DUPLICATE_NO_TRANSLATION
955,,,,sexagenarian,šesdesetogodišnjak
956,,,,venerable,uvažen
957,,,,experienced,iskusan
958,,,,experient,DUPLICATE_iskusan
959,,,,mature,DUPLICATE_zreo
960,,,,,drevan
